{"cameraMode":{"drawMode":0,"name":"Shaded","section":"Shading Mode"},"sceneLighting":true,"audioPlay":false,"sceneViewState":{"showFog":true,"showMaterialUpdate":false,"showSkybox":true,"showFlares":true,"showImageEffects":true,"showParticleSystems":true},"in2DMode":false,"pivot":{"x":-1.7349478006362916,"y":2.533632278442383,"z":-0.4655134677886963},"rotation":{"x":-0.18116170167922975,"y":0.817460298538208,"z":-0.41197288036346438,"w":-0.35946840047836306},"size":16.94580078125,"orthographic":false}